ir,rgb,rgb_gt
infrared/000000.jpg,visible_mis/000000.png,visible_gt/000000.png
infrared/000001.jpg,visible_mis/000001.png,visible_gt/000001.png
infrared/000002.jpg,visible_mis/000002.png,visible_gt/000002.png
infrared/000003.jpg,visible_mis/000003.png,visible_gt/000003.png
infrared/000004.jpg,visible_mis/000004.png,visible_gt/000004.png
infrared/000005.jpg,visible_mis/000005.png,visible_gt/000005.png
infrared/000006.jpg,visible_mis/000006.png,visible_gt/000006.png
infrared/000007.jpg,visible_mis/000007.png,visible_gt/000007.png
infrared/000008.jpg,visible_mis/000008.png,visible_gt/000008.png
infrared/000009.jpg,visible_mis/000009.png,visible_gt/000009.png
infrared/000010.jpg,visible_mis/000010.png,visible_gt/000010.png
infrared/000011.jpg,visible_mis/000011.png,visible_gt/000011.png
infrared/000012.jpg,visible_mis/000012.png,visible_gt/000012.png
infrared/000013.jpg,visible_mis/000013.png,visible_gt/000013.png
infrared/000014.jpg,visible_mis/000014.png,visible_gt/000014.png
infrared/000015.jpg,visible_mis/000015.png,visible_gt/000015.png
infrared/000016.jpg,visible_mis/000016.png,visible_gt/000016.png
infrared/000017.jpg,visible_mis/000017.png,visible_gt/000017.png
infrared/000018.jpg,visible_mis/000018.png,visible_gt/000018.png
infrared/000019.jpg,visible_mis/000019.png,visible_gt/000019.png
infrared/000020.jpg,visible_mis/000020.png,visible_gt/000020.png
infrared/000021.jpg,visible_mis/000021.png,visible_gt/000021.png
infrared/000022.jpg,visible_mis/000022.png,visible_gt/000022.png
infrared/000023.jpg,visible_mis/000023.png,visible_gt/000023.png
infrared/000024.jpg,visible_mis/000024.png,visible_gt/000024.png
infrared/000025.jpg,visible_mis/000025.png,visible_gt/000025.png
infrared/000026.jpg,visible_mis/000026.png,visible_gt/000026.png
infrared/000027.jpg,visible_mis/000027.png,visible_gt/000027.png
infrared/000028.jpg,visible_mis/000028.png,visible_gt/000028.png
infrared/000029.jpg,visible_mis/000029.png,visible_gt/000029.png
infrared/000030.jpg,visible_mis/000030.png,visible_gt/000030.png
infrared/000031.jpg,visible_mis/000031.png,visible_gt/000031.png
infrared/000032.jpg,visible_mis/000032.png,visible_gt/000032.png
infrared/000033.jpg,visible_mis/000033.png,visible_gt/000033.png
infrared/000034.jpg,visible_mis/000034.png,visible_gt/000034.png
infrared/000035.jpg,visible_mis/000035.png,visible_gt/000035.png
infrared/000036.jpg,visible_mis/000036.png,visible_gt/000036.png
infrared/000037.jpg,visible_mis/000037.png,visible_gt/000037.png
infrared/000038.jpg,visible_mis/000038.png,visible_gt/000038.png
infrared/000039.jpg,visible_mis/000039.png,visible_gt/000039.png
infrared/000040.jpg,visible_mis/000040.png,visible_gt/000040.png
infrared/000041.jpg,visible_mis/000041.png,visible_gt/000041.png
infrared/000042.jpg,visible_mis/000042.png,visible_gt/000042.png
infrared/000043.jpg,visible_mis/000043.png,visible_gt/000043.png
infrared/000044.jpg,visible_mis/000044.png,visible_gt/000044.png
infrared/000045.jpg,visible_mis/000045.png,visible_gt/000045.png
infrared/000046.jpg,visible_mis/000046.png,visible_gt/000046.png
infrared/000047.jpg,visible_mis/000047.png,visible_gt/000047.png
infrared/000048.jpg,visible_mis/000048.png,visible_gt/000048.png
infrared/000049.jpg,visible_mis/000049.png,visible_gt/000049.png
infrared/000050.jpg,visible_mis/000050.png,visible_gt/000050.png
infrared/000051.jpg,visible_mis/000051.png,visible_gt/000051.png
infrared/000052.jpg,visible_mis/000052.png,visible_gt/000052.png
infrared/000053.jpg,visible_mis/000053.png,visible_gt/000053.png
infrared/000054.jpg,visible_mis/000054.png,visible_gt/000054.png
infrared/000055.jpg,visible_mis/000055.png,visible_gt/000055.png
infrared/000056.jpg,visible_mis/000056.png,visible_gt/000056.png
infrared/000057.jpg,visible_mis/000057.png,visible_gt/000057.png
infrared/000058.jpg,visible_mis/000058.png,visible_gt/000058.png
infrared/000059.jpg,visible_mis/000059.png,visible_gt/000059.png
infrared/000060.jpg,visible_mis/000060.png,visible_gt/000060.png
infrared/000061.jpg,visible_mis/000061.png,visible_gt/000061.png
infrared/000062.jpg,visible_mis/000062.png,visible_gt/000062.png
infrared/000063.jpg,visible_mis/000063.png,visible_gt/000063.png
infrared/000064.jpg,visible_mis/000064.png,visible_gt/000064.png
infrared/000065.jpg,visible_mis/000065.png,visible_gt/000065.png
infrared/000066.jpg,visible_mis/000066.png,visible_gt/000066.png
infrared/000067.jpg,visible_mis/000067.png,visible_gt/000067.png
infrared/000068.jpg,visible_mis/000068.png,visible_gt/000068.png
infrared/000069.jpg,visible_mis/000069.png,visible_gt/000069.png
infrared/000070.jpg,visible_mis/000070.png,visible_gt/000070.png
infrared/000071.jpg,visible_mis/000071.png,visible_gt/000071.png
infrared/000072.jpg,visible_mis/000072.png,visible_gt/000072.png
infrared/000073.jpg,visible_mis/000073.png,visible_gt/000073.png
infrared/000074.jpg,visible_mis/000074.png,visible_gt/000074.png
infrared/000075.jpg,visible_mis/000075.png,visible_gt/000075.png
infrared/000076.jpg,visible_mis/000076.png,visible_gt/000076.png
infrared/000077.jpg,visible_mis/000077.png,visible_gt/000077.png
infrared/000078.jpg,visible_mis/000078.png,visible_gt/000078.png
infrared/000079.jpg,visible_mis/000079.png,visible_gt/000079.png
infrared/000080.jpg,visible_mis/000080.png,visible_gt/000080.png
infrared/000081.jpg,visible_mis/000081.png,visible_gt/000081.png
infrared/000082.jpg,visible_mis/000082.png,visible_gt/000082.png
infrared/000083.jpg,visible_mis/000083.png,visible_gt/000083.png
infrared/000084.jpg,visible_mis/000084.png,visible_gt/000084.png
infrared/000085.jpg,visible_mis/000085.png,visible_gt/000085.png
infrared/000086.jpg,visible_mis/000086.png,visible_gt/000086.png
infrared/000087.jpg,visible_mis/000087.png,visible_gt/000087.png
infrared/000088.jpg,visible_mis/000088.png,visible_gt/000088.png
infrared/000089.jpg,visible_mis/000089.png,visible_gt/000089.png
infrared/000090.jpg,visible_mis/000090.png,visible_gt/000090.png
infrared/000091.jpg,visible_mis/000091.png,visible_gt/000091.png
infrared/000092.jpg,visible_mis/000092.png,visible_gt/000092.png
infrared/000093.jpg,visible_mis/000093.png,visible_gt/000093.png
infrared/000094.jpg,visible_mis/000094.png,visible_gt/000094.png
infrared/000095.jpg,visible_mis/000095.png,visible_gt/000095.png
infrared/000096.jpg,visible_mis/000096.png,visible_gt/000096.png
infrared/000097.jpg,visible_mis/000097.png,visible_gt/000097.png
infrared/000098.jpg,visible_mis/000098.png,visible_gt/000098.png
infrared/000099.jpg,visible_mis/000099.png,visible_gt/000099.png
infrared/000100.jpg,visible_mis/000100.png,visible_gt/000100.png
infrared/000101.jpg,visible_mis/000101.png,visible_gt/000101.png
infrared/000102.jpg,visible_mis/000102.png,visible_gt/000102.png
infrared/000103.jpg,visible_mis/000103.png,visible_gt/000103.png
infrared/000104.jpg,visible_mis/000104.png,visible_gt/000104.png
infrared/000105.jpg,visible_mis/000105.png,visible_gt/000105.png
infrared/000106.jpg,visible_mis/000106.png,visible_gt/000106.png
infrared/000107.jpg,visible_mis/000107.png,visible_gt/000107.png
infrared/000108.jpg,visible_mis/000108.png,visible_gt/000108.png
infrared/000109.jpg,visible_mis/000109.png,visible_gt/000109.png
infrared/000110.jpg,visible_mis/000110.png,visible_gt/000110.png
infrared/000111.jpg,visible_mis/000111.png,visible_gt/000111.png
infrared/000112.jpg,visible_mis/000112.png,visible_gt/000112.png
infrared/000113.jpg,visible_mis/000113.png,visible_gt/000113.png
infrared/000114.jpg,visible_mis/000114.png,visible_gt/000114.png
infrared/000115.jpg,visible_mis/000115.png,visible_gt/000115.png
infrared/000116.jpg,visible_mis/000116.png,visible_gt/000116.png
infrared/000117.jpg,visible_mis/000117.png,visible_gt/000117.png
infrared/000118.jpg,visible_mis/000118.png,visible_gt/000118.png
infrared/000119.jpg,visible_mis/000119.png,visible_gt/000119.png
infrared/000120.jpg,visible_mis/000120.png,visible_gt/000120.png
infrared/000121.jpg,visible_mis/000121.png,visible_gt/000121.png
infrared/000122.jpg,visible_mis/000122.png,visible_gt/000122.png
infrared/000123.jpg,visible_mis/000123.png,visible_gt/000123.png
infrared/000124.jpg,visible_mis/000124.png,visible_gt/000124.png
infrared/000125.jpg,visible_mis/000125.png,visible_gt/000125.png
infrared/000126.jpg,visible_mis/000126.png,visible_gt/000126.png
infrared/000127.jpg,visible_mis/000127.png,visible_gt/000127.png
infrared/000128.jpg,visible_mis/000128.png,visible_gt/000128.png
infrared/000129.jpg,visible_mis/000129.png,visible_gt/000129.png
infrared/000130.jpg,visible_mis/000130.png,visible_gt/000130.png
infrared/000131.jpg,visible_mis/000131.png,visible_gt/000131.png
infrared/000132.jpg,visible_mis/000132.png,visible_gt/000132.png
infrared/000133.jpg,visible_mis/000133.png,visible_gt/000133.png
infrared/000134.jpg,visible_mis/000134.png,visible_gt/000134.png
infrared/000135.jpg,visible_mis/000135.png,visible_gt/000135.png
infrared/000136.jpg,visible_mis/000136.png,visible_gt/000136.png
infrared/000137.jpg,visible_mis/000137.png,visible_gt/000137.png
infrared/000138.jpg,visible_mis/000138.png,visible_gt/000138.png
infrared/000139.jpg,visible_mis/000139.png,visible_gt/000139.png
infrared/000140.jpg,visible_mis/000140.png,visible_gt/000140.png
infrared/000141.jpg,visible_mis/000141.png,visible_gt/000141.png
infrared/000142.jpg,visible_mis/000142.png,visible_gt/000142.png
infrared/000143.jpg,visible_mis/000143.png,visible_gt/000143.png
infrared/000144.jpg,visible_mis/000144.png,visible_gt/000144.png
infrared/000145.jpg,visible_mis/000145.png,visible_gt/000145.png
infrared/000146.jpg,visible_mis/000146.png,visible_gt/000146.png
infrared/000147.jpg,visible_mis/000147.png,visible_gt/000147.png
infrared/000148.jpg,visible_mis/000148.png,visible_gt/000148.png
infrared/000149.jpg,visible_mis/000149.png,visible_gt/000149.png
infrared/000150.jpg,visible_mis/000150.png,visible_gt/000150.png
infrared/000151.jpg,visible_mis/000151.png,visible_gt/000151.png
infrared/000152.jpg,visible_mis/000152.png,visible_gt/000152.png
infrared/000153.jpg,visible_mis/000153.png,visible_gt/000153.png
infrared/000154.jpg,visible_mis/000154.png,visible_gt/000154.png
infrared/000155.jpg,visible_mis/000155.png,visible_gt/000155.png
infrared/000156.jpg,visible_mis/000156.png,visible_gt/000156.png
infrared/000157.jpg,visible_mis/000157.png,visible_gt/000157.png
infrared/000158.jpg,visible_mis/000158.png,visible_gt/000158.png
infrared/000159.jpg,visible_mis/000159.png,visible_gt/000159.png
infrared/000160.jpg,visible_mis/000160.png,visible_gt/000160.png
infrared/000161.jpg,visible_mis/000161.png,visible_gt/000161.png
infrared/000162.jpg,visible_mis/000162.png,visible_gt/000162.png
infrared/000163.jpg,visible_mis/000163.png,visible_gt/000163.png
infrared/000164.jpg,visible_mis/000164.png,visible_gt/000164.png
infrared/000165.jpg,visible_mis/000165.png,visible_gt/000165.png
infrared/000166.jpg,visible_mis/000166.png,visible_gt/000166.png
infrared/000167.jpg,visible_mis/000167.png,visible_gt/000167.png
infrared/000168.jpg,visible_mis/000168.png,visible_gt/000168.png
infrared/000169.jpg,visible_mis/000169.png,visible_gt/000169.png
infrared/000170.jpg,visible_mis/000170.png,visible_gt/000170.png
infrared/000171.jpg,visible_mis/000171.png,visible_gt/000171.png
infrared/000172.jpg,visible_mis/000172.png,visible_gt/000172.png
infrared/000173.jpg,visible_mis/000173.png,visible_gt/000173.png
infrared/000174.jpg,visible_mis/000174.png,visible_gt/000174.png
infrared/000175.jpg,visible_mis/000175.png,visible_gt/000175.png
infrared/000176.jpg,visible_mis/000176.png,visible_gt/000176.png
infrared/000177.jpg,visible_mis/000177.png,visible_gt/000177.png
infrared/000178.jpg,visible_mis/000178.png,visible_gt/000178.png
infrared/000179.jpg,visible_mis/000179.png,visible_gt/000179.png
infrared/000180.jpg,visible_mis/000180.png,visible_gt/000180.png
infrared/000181.jpg,visible_mis/000181.png,visible_gt/000181.png
infrared/000182.jpg,visible_mis/000182.png,visible_gt/000182.png
infrared/000183.jpg,visible_mis/000183.png,visible_gt/000183.png
infrared/000184.jpg,visible_mis/000184.png,visible_gt/000184.png
infrared/000185.jpg,visible_mis/000185.png,visible_gt/000185.png
infrared/000186.jpg,visible_mis/000186.png,visible_gt/000186.png
infrared/000187.jpg,visible_mis/000187.png,visible_gt/000187.png
infrared/000188.jpg,visible_mis/000188.png,visible_gt/000188.png
infrared/000189.jpg,visible_mis/000189.png,visible_gt/000189.png
infrared/000190.jpg,visible_mis/000190.png,visible_gt/000190.png
infrared/000191.jpg,visible_mis/000191.png,visible_gt/000191.png
infrared/000192.jpg,visible_mis/000192.png,visible_gt/000192.png
infrared/000193.jpg,visible_mis/000193.png,visible_gt/000193.png
infrared/000194.jpg,visible_mis/000194.png,visible_gt/000194.png
infrared/000195.jpg,visible_mis/000195.png,visible_gt/000195.png
infrared/000196.jpg,visible_mis/000196.png,visible_gt/000196.png
infrared/000197.jpg,visible_mis/000197.png,visible_gt/000197.png
infrared/000198.jpg,visible_mis/000198.png,visible_gt/000198.png
infrared/000199.jpg,visible_mis/000199.png,visible_gt/000199.png
